"cluster1","cluster2"
"TYRP1","TYRP1"
"RPS4Y1","RPS4Y1"
"IGHV3-48","KRT14"
"IGHV3-73","MAGEA3"
"IGHV1-69","KRT5"
"IGKV2-24","MAGEA6"
"CR2","MAGEA12"
"IGKV1-8","DDX3Y"
"IGLV3-9","GABRA3"
"IGLV8-61","KDM5D"
"IGHV2-26","AL162457.2"
"IGLV7-43","KRT6A"
"MAGEA3","CHST9"
"IGHV2-70","NELL1"
"MAGEA12","MAGEC2"
"IGHV4-61","KRT6B"
"IGHV3-72","KRT16"
"IGKV2D-29","MMP13"
"IGHV2-5","PMP2"
"IGHV1-58","SLITRK6"
"IGLV5-45","UGT2B7"
"IGLV9-49","USP9Y"
"IGHV3-13","EIF1AY"
"IGLC7","TXLNGY"
"IGLV3-27","KLK6"
"MAGEA6","HHATL"
"MAGEC2","MAGEC1"
"DDX3Y","PRKY"
"IGHV4-55","KRTAP19-1"
"FCRL1","FRG2DP"
"IGLV1-36","CHMP1B2P"
"IGKV2-30","GJB6"
"IGHV4-4","DSC3"
"IGKV1D-8","UTY"
"IGHV6-1","FAM133A"
"IGKV3D-11","VAX1"
"IGHJ3","LCN2"
"KDM5D","ZFY"
"IGLV2-18","PANTR1"
"AL162457.2","MUC7"
"IGKV3D-15","XIST"
"IGLV10-54","SSX1"
"IGLV4-60","SULT4A1"
"NELL1","LDHC"
"KRT5","LINC01474"
"IGHV3-7","RPSAP53"
"IGKV2D-40","LRRTM4"
"MAGEC1","AL035541.1"
"IGKV1D-16","NMRK2"
"IGKV5-2","CSAG3"
"IGHV2-70D","NR0B1"
"IGKV3-7","PNLIPRP3"
"IGHV3-64","OLIG2"
"ADH1B","NKAIN3-IT1"
"IGHV3-20","DSG3"
"IGKV1-12","KRT1"
"IGHV1-3","NKX2-2"
"IGKV6-21","MKRN9P"
"GABRA3","LINC02552"
"IGKV3OR2-268","CST1"
"PMP2","SERPINB7"
"IGKV1-39","LINC01239"
"IGHV1OR15-2","ZNF560"
"USP9Y","S100A7"
"HHATL","SPRR2D"
"AL035541.1","BBOX1"
"TXLNGY","TFAP2B"
"EIF1AY","FLG2"
"XIST","FAM135B"
"IGKV1D-13","MAGEA1"
"IGHJ2","PDZK1IP1"
"IGHV1-45","LCE2A"
"SSX1","HOXC12"
"PRKY","AC091544.6"
"UTY","FAM83A"
"CHMP1B2P","NLGN4Y"
"CXCR5","AL117329.1"
"IGLV3-16","LINC01320"
"FAM133A","KRTDAP"
"KRT14","CBLN2"
"FRG2DP","AC009063.3"
"IGHV5-78","BTC"
"IFNG-AS1","ERVMER61-1"
"ZFY","LINC01411"
"IGHV3OR16-9","TRIM51CP"
"UGT2B7","AKR1B10"
"CHST9","CRABP1"
"IGHV1OR15-9","EREG"
"IGHV1-67","PRSS3"
"IGHJ3P","AC087379.1"
"LINC00221","GABRG3"
"IGHE","AL049839.2"
"MIR8071-2","AC036111.1"
"COPDA1","LINC00668"
"IGHV3OR16-13","MAGEA10"
"SLCO1A2","SERPINB5"
"CSAG3","DSG1"
"LINC00402","AC008991.1"
"IGHV3-35","AC209154.1"
"AC135068.2","KRT6C"
"AC142381.1","SYNPR"
"IGKV2-28","IGHV3-48"
"IGHV3-71","KRT13"
"IGLV3-12","SFRP5"
"FCAMR","LINC02055"
"PAGE5","CSAG2"
"LINC01474","IGHV1-69"
"MAGEA1","LRRIQ1"
"KRTAP19-1","C14orf39"
"GJB6","PLA2G4F"
"LINC01781","AL159166.1"
"OLIG2","WT1"
"PANTR1","SLC6A11"
"IGKV1D-12","ISL1"
"IGLV1-41","LINC02303"
"IGKV1D-39","EGFEM1P"
"CTAG2","AC018730.1"
"MGAM2","MUC15"
"LINC01502","ANKRD18B"
"LINC01320","LINC02691"
"MKRN9P","LINC00488"
"IGKV1D-43","AC104129.1"
"AC063923.2","SEC14L4"
"LINC00488","AC009562.1"
"MUC7","NKX2-8"
"IGHV3OR16-8","IVL"
"MIR8071-1","FOXE1"
"IGLJ2","LRRTM1"
"KLK6","CDH7"
"LINC01239","FOXL2NB"
"CST1","IGKV2-24"
"IGKV2OR22-4","CSMD3"
"AC091544.6","AC005291.2"
"TRAV24","AQP4"
"LCN2","LY6D"
"IGKJ5","LINC02473"
"IGKV1-33","LINC01446"
"LINC02528","AC124804.1"
"LDHC","HNF4G"
"TRBV15","AL035425.4"
"IGHV1-12","ERBB4"
"SLITRK6","IGLV8-61"
"IGKV2-29","LINC01447"
"NMRK2","IGHV3-73"
"TRAV35","ADH1B"
"TSPAN8","SPRR1B"
"IGHV3-63","NPY6R"
"IGHV3OR15-7","ARHGAP40"
"IGKV1D-17","PCDHB17P"
"C6","GABRA2"
"IGKV6D-21","SLCO1A2"
"MMP13","SLC30A8"
"ZNF560","KRT16P6"
"RPSAP53","SLC39A2"
"AC136428.1","REG3G"
"HNF4G","IGFL2-AS1"
"CA6","PLPPR1"
"AC087379.1","HOXD11"
"AL049839.2","AL139002.1"
"AC134879.2","LINC00698"
"IGHV3-52","MNX1-AS1"
"IGKV1OR2-6","SOX1"
"LINC02575","LINC01608"
"GABRG3","PRAC2"
"LRRTM4","GABRA5"
"AC244205.1","LINC00221"
"SLC30A8","GRHL2"
"IGLL1","IGLV3-9"
"CSAG2","MGAM2"
"KRT6B","SCN7A"
"FAM163B","ASTN1"
"IGHV1OR21-1","AC093787.1"
"LINC01446","NKX2-4"
"IGHV3-19","TRHDE"
"LINC02552","CTCFL"
"IGHV3-62","DPYSL5"
"TRBV5-5","IGHV2-26"
"LINC02055","TMEM215"
"IGLV5-37","NKX2-5"
"CTCFL","TPSD1"
"IGHV3-60","AC073365.1"
"FCRL4","AC063923.2"
"AC009063.3","TMEM132D-AS1"
"LINC00668","GALNT13"
"IGKV2D-24","AL035425.2"
"AC008991.1","AC091979.1"
"AC209154.1","AL356489.2"
"AC034105.1","LGALS7B"
"HOXC12","AL356740.1"
"NLGN4Y","LINC02575"
"AC005291.1","HDGFP1"
"TRAV1-1","CALML3"
"SFRP5","AC005291.1"
"VAX1","PAX1"
"ERVMER61-1","AP003049.2"
"PRAMENP","AC010424.1"
"AC005291.2","CEACAM6"
"FAM135B","UNC5D"
"PSMA8","PLA2G4E"
"TRAV38-1","GGT6"
"WT1","LINC00326"
"IGLV2-34","TMPRSS11D"
"KRT6A","POF1B"
"LINC00355","DMBT1"
"HTR3A","ZFP57"
"TMSB4Y","TMEM179"
"IGHV7-81","AC010478.1"
"FAM216B","MYCNOS"
"AC103563.7","FEZF1-AS1"
"AC096734.1","LINC00355"
"LINC01447","ANXA8L1"
"NKX2-2","SDR16C5"
"ERBB4","AP005901.3"
"LINC01287","IGLV7-43"
"SLC5A4-AS1","DSCR8"
"AC018730.1","NR2E1"
"LINC00648","CR2"
"MAGEA10","LINC00648"
"SEC14L4","SERPINA12"
"TRIM51CP","EFNA2"
"AC103563.3","AC091286.1"
"AP003049.2","IGKV1-8"
"MORC1","CTAG2"
"AL117329.1","AL161908.1"
"TMEM132C","AC005821.1"
"SPIC","U82695.1"
"IGLVI-70","NOP56P1"
"AL162414.1","KRT4"
"AC104971.3","HTN1"
"NPY6R","AP005018.2"
"EDN3","MYH13"
"ARPP21","BPIFB1"
"IGKV1D-27","KLK11"
"SIRPG-AS1","DCX"
"IGLV5-48","FGF5"
"IGKV1D-42","KLK7"
"AL159166.1","AP000802.1"
"TMEM132D-AS1","TOX3"
"MT1DP","IGHV4-61"
"IGHV3OR16-6","LINC01287"
"AC073365.1","CSAG4"
"AQP4","SPRR2A"
"NKAIN3-IT1","AC114296.1"
"BPIFB1","RNASE7"
"UGT2B17","IL36RN"
"ZFP57","FOLR1"
"SULT4A1","LINC00052"
"CDH7","TMSB4Y"
"LINC00326","AC139426.1"
"AC091286.1","LINC00958"
"AC246787.2","CA6"
"TRBV10-2","ADGRF4"
"AC036111.1","EDN3"
"GABRA2","LINC00898"
"ZBED9","LINC00470"
"LINC00470","LY6G6C"
"MYCNOS","SLC5A4-AS1"
"AC103563.1","LINC00871"
"AC009562.1","CASP14"
"LINC02325","ADAMTS20"
"OVAAL","CLDN10-AS1"
"NLRP4","SLC5A12"
"PNLIPRP3","AC098850.3"
"MYCNUT","SLC38A8"
"KRT16","IGHV2-70"
"FOXG1","FAM83B"
"IGFL2-AS1","IGHV3-72"
"SPRR2D","GLRA2"
"TRBV21-1","USH1G"
"IGKV1OR22-1","KRT78"
"POF1B","MORC1"
"LINC01501","LBX1"
"IGKV1OR22-5","TTTY14"
"AL390755.2","SPRR2E"
"FENDRR","SERPINB3"
"AMER2","TFF2"
"KIR2DS4","SPRR3"
"MIR924HG","LRRC52"
"AL139002.1","AL049555.1"
"AC106882.1","LIN28A"
"LINC02303","ARPP21"
"IGLV2-28","AC006206.2"
"DSC3","STOML3"
"LINC01266","AP001007.1"
"LIN28A","KCNH1-IT1"
"VWDE","NTS"
"IGKV2D-30","AP003100.1"
"IGHD3-3","PADI3"
"KRT13","AC010889.1"
"NTS","FGFBP1"
"MAGEA4","AC092969.1"
"IGHV3-22","DPP10"
"PDZK1IP1","PSG4"
"AC025884.1","KLK5"
"AC104129.1","LINC00906"
"TMEM215","AL391807.1"
"AC114296.1","TSPAN8"
"IGHJ1","NOP56P3"
"IGLV4-3","PAGE5"
"IGLV2-5","TRIM51GP"
"TRARG1","LINC01667"
"SNAP91","LINC01124"
"DPYSL5","AL033384.1"
"AL133467.2","TRIM48"
"DMBT1","NRK"
"LRRIQ1","AL390755.1"
"AC008878.3","AACSP1"
"MIR4538","NBPF4"
"BTC","SDR9C7"
"LINC02683","SYT13"
"KRT1","GRIA2"
"UGT3A2","CBLC"
"IGHV1-17","FBP2"
"MYH13","XIRP2"
"RPSAP50","GRIA1"
"IGKV1-13","SPRR1A"
"AL356489.2","NEUROG2"
"PAH","LINC01502"
"ADAMTS20","MGAT4C"
"AC099552.4","IGLC7"
"ANKRD18B","PLA2G4D"
"TRBV12-5","LINC02683"
"GALNT13","PARP4P1"
"HTN1","LINC01266"
"LINC00322","AC023469.1"
"AC083967.1","SNTG1"
"SLC38A8","IGFBPL1"
"LINC02475","AC226118.1"
"SLC5A12","NHLH2"
"NR0B1","AMER2"
"CFHR1","CIDEA"
"AC098850.3","AC083809.1"
"KRT2","IRS4"
"LCE2A","SERPINB13"
"SCN7A","PCDHA11"
"PSG4","AL450332.1"
"AF279873.3","AC135731.1"
"TRHDE","MC5R"
"CSAG4","SLC6A10P"
"MAEL","LINC01697"
"DISC1FP1","AC011504.1"
"ASTN1","AC107419.1"
"AP006565.1","AQP7P1"
"MAGEA11","FAM183A"
"AL008723.2","WIF1"
"AC010889.1","BARHL2"
"LINC02163","IRX4"
"LINC01411","CHRNA9"
"TPSD1","IGHV3-13"
"IGHV3OR16-10","KRT75"
"DSCR8","AC104135.1"
"LINC00906","FAM83C"
"IGHV1-14","CXCL6"
"TTTY14","CLCA4"
"LINC01608","SLC1A6"
"AC016717.2","RARRES2P6"
"AP005262.2","AC132825.4"
"MIR4539","LINC02405"
"NR2E1","SP8"
"HDGFP1","AC079160.1"
"IGHV7-56","MMP23A"
"IGLJ1","PWWP3B"
"AC093787.1","AC069120.1"
"AC124804.1","LINC02249"
"LINC00456","DISC1FP1"
"SPATA22","AC244517.7"
"PLPPR1","SIX6"
"LINC00698","LINC00322"
"TOX3","CALML5"
"KIF25-AS1","IGLV5-45"
"SDR16C5","LINC01695"
"FGF10","CEACAM5"
"FGF13-AS1","IGLV3-27"
"AC083809.1","TMPRSS11E"
"SYNPR","LINC01194"
"PCDHB17P","CXCL17"
"LGSN","LBX1-AS1"
"AC226118.1","EPHA6"
"GBA3","MIR211"
"LINC02405","AL133467.2"
"EGFEM1P","LINC02163"
"LINC01529","SIM1"
"AP003100.1","RPSAP50"
"TRBV23-1","FP325330.3"
"AL356740.1","PRSS56"
"LINC01194","ADCY8"
"IGHV7-27","AGR2"
"IGKV7-3","LINC00858"
"MNX1-AS1","IGHV4-55"
"KRT4","AC099552.4"
"AP003900.1","MAGEA11"
"AL359853.1","LINC02475"
"PCDHA13","SLC25A24P1"
"AL450332.1","AL355312.4"
"AP001007.1","CBLN4"
"LINC01918","CPN2"
"PCDHA11","LINC00543"
"COX6A2","SOX21"
"AC091979.1","ARSLP1"
"IGKV1D-33","SERPINB4"
"SLC25A24P1","MAGEA4"
"NKX2-5","LINC00456"
"NOP56P1","IGLV1-36"
"NPFFR2","ALB"
"BMS1P8","AC011767.1"
"AC245884.12","AL008723.2"
"TRBV7-7","PLCH1-AS1"
"AL035425.4","AF279873.3"
"LINC02691","SCN1A"
"AMHR2","AC113418.1"
"AP000802.1","COX6A2"
"MUSK","CLK3P2"
"IGKV2D-28","IGHV2-5"
"CHST4","NBPF6"
"CYP4B1","ANKRD20A17P"
"NRK","OCLNP1"
"AC005821.1","LINC02560"
"AL133467.4","AC022832.1"
"AP005018.2","MAEL"
"AC010424.1","ARHGAP15-AS1"
"FGF9","CDH12"
"AL139020.1","IGKV2D-29"
"ACER1","FCRL1"
"IL22RA2","FGF9"
"AC090044.1","ANXA8"
"CBLN4","CYP4B1"
"LINC00898","AC037450.1"
"SERTM2","MIR924HG"
"NBPF4","MAB21L4"
"AC104135.1","AC077690.1"
"AP005121.2","DSC1"
"AP003400.1","MYOC"
"EREG","AP003900.1"
"AC069120.1","KRT2"
"IGHV3-25","MIR205HG"
"ZNF676","AC103563.7"
"GNGT1","KLK8"
"IGHV1OR16-1","GSTA1"
"LINC02473","AC093895.2"
"LINC00923","ZBED9"
"SLC6A11","SLC6A14"
"FAM230C","AL359237.1"
"OR2L13","OR2L1P"
"TFF2","C6"
"AC006206.2","PCDHA13"
"C14orf39","BPIFC"
"GLRA2","AC016813.2"
"SERPINB7","QRFPR"
"MUC15","HGC6.3"
"NEUROG3","AL133467.4"
"AC005586.2","AC090505.1"
"MGAT4C","TRIM51HP"
"TRBV11-1","OR2A20P"
"OR2A20P","OVAAL"
"LINC02587","AC096751.2"
"CASC9","LINC01748"
"MIR5195","FAM230C"
"FBP2","AP005121.2"
"BX322234.2","AC138305.1"
"IGHV3OR16-15","IGKV1D-8"
"STOML3","AMHR2"
"CLDN10-AS1","SPATA22"
"PRAC2","TMEM132D"
"NBPF6","UPK3BL1"
"SERPINA9","TMEM229A"
"AL031429.1","SLC7A10"
"ANKRD30BP1","FGF10"
"UPK3BL1","MYCNUT"
"MIR4537","CPB1"
"IGHV3OR16-12","RALYL"
"LINC02616","TMEFF2"
"MAGEB2","SNX18P7"
"NKX2-4","AL157937.1"
"BAGE2","LINC02302"
"IGHV3-76","FGF13-AS1"
"SLC39A2","LINC01918"
"TMEM179","AP000282.1"
"CXCL6","AP006333.3"
"MMP23A","ZNF676"
"CBLN2","ITPRID1"
"NKX2-8","ACER1"
"ALB","IGHJ3"
"LRRC52","AC010148.1"
"RARRES2P6","AC087235.2"
"AL449403.2","IGLV9-49"
"CHRNA9","LHX9"
"SLC7A10","MYO3A"
"ADCY8","LINC01361"
"AC113418.1","GPR87"
"KCNH1-IT1","GRID2"
"PRSS3","AL449403.2"
"AC022034.4","PRL"
"FEZF1-AS1","CASC9"
"LINC01124","TDRD5"
"OOEP","AC022424.1"
"TMPRSS11E","WT1-AS"
"IGHD3-9","ZFHX4-AS1"
"IGKV3D-7","SMPX"
"PSPHP1","IGHV1-58"
"AC092969.1","FENDRR"
"LRRTM1","AC137579.1"
"C5orf17","ANKRD30BP1"
"LINC00858","VWDE"
"AL359237.1","LINC02048"
"IGKV2-26","AL596218.1"
"SLC6A10P","SRD5A2"
"AC096751.2","OR2L13"
"CDH12","SCGB1D2"
"FAM83A","AC103564.2"
"CSMD3","CRYBA2"
"U82695.1","PAH"
"AP005901.3","AC011700.1"
"AQP7P1","RNF222"
"BBOX1","TRDN"
"WT1-AS","LINC00940"
"CPN2","NYX"
"AKR1B10","AC107308.1"
"POU6F2","CWH43"
"AC023469.1","AC092691.1"
"AL121835.2","LINC00237"
"FOLR1","LINC00683"
"IGLV2-33","AC019257.1"
"REG4","AC021504.1"
"MYO3A","LUZP2"
"LINC02714","LINC00945"
"H2BP1","AC011239.1"
"LINC00945","AL390755.2"
"BMP5","MIR663AHG"
"IGKV1OR2-3","CRHR1"
"AL035425.2","CNTNAP5"
"LINC00237","IL36B"
"LINC02315","MIR137HG"
"MBL2","KRT3"
"MYOC","LINC01956"
"TFAP2B","KIF25-AS1"
"GRIA2","RBM46"
"LINC01876","AC005281.1"
"LINC01992","IL36G"
"LINC02715","AKR1B15"
"BCORP1","IGKV3D-11"
"FFAR1","MS4A15"
"AC079160.1","CRNN"
"LINC01697","IGHV4-4"
"BPIFB4","GNGT1"
"IGLV3-22","AC005786.2"
"NOP56P3","AL133304.2"
"IGFBPL1","FRG2JP"
"LINC00052","MT1DP"
"AC005829.2","CU638689.4"
"SYT13","ATP13A5"
"MYH8","SPRR2G"
"TSBP1","PSPHP1"
"KRTDAP","VCX"
"AP000282.1","LINC00645"
"AC005381.1","LGSN"
"OR2C3","LINC00919"
"CRABP1","MBL2"
"SRD5A2","IGFBP1"
"AC132825.4","AC090044.1"
"NAA11","TRARG1"
"PLCH1-AS1","PRICKLE2-DT"
"LINC02048","EPGN"
"EFNA2","AC005537.2"
"LINC00871","MPPED2-AS1"
"AC137579.1","LINC01994"
"SORCS3","CD164L2"
"LIN28B","G6PC2"
"TRIM51GP","LINC02232"
"KRT72","AC078880.4"
"AC090286.1","PICSAR"
"TRIM48","AC116049.2"
"CT55","AC025154.2"
"AC107419.1","AL592528.1"
"AC139426.1","AC040174.1"
"MIR663AHG","AC005381.1"
"LINC01518","AC244517.6"
"NEUROG2","AC090692.1"
"CXCL17","REN"
"OR2L1P","AC100801.1"
"LINC01695","CFAP47"
"EZHIP","GABRB1"
"ARHGAP15-AS1","LINC02097"
"SNTG1","AC092652.1"
"CHN2-AS1","H2BP1"
"WDR87","AL359853.1"
"FP325330.3","RNA5SP18"
"PARP4P1","KPRP"
"FOXL2NB","BX322234.2"
"HOXD11","UGT3A2"
"REG3G","SHISA9"
"LINC00499","SLC7A11-AS1"
"CFHR4","OLFM3"
"MIR211","KCTD4"
"AL157937.1","AC090286.1"
"AC090505.1","RBBP8NL"
"HBD","MTND5P1"
"GABRA5","LINC02041"
"FLG2","LINC01529"
"AL359273.2","POU6F2"
"BX284668.2","LINC02587"
"AC092652.1","AL772337.4"
"PCDH15","LINC02392"
"AC024230.1","MNX1-AS2"
"UNC5D","TRHDE-AS1"
"AACSP1","MS4A8"
"AC022424.1","FAM216B"
"FAM9C","AC090023.2"
"MEI4","AC104137.1"
"ISL1","MYH1"
"PCK1","HBE1"
"REN","ASNSP1"
"DCX","MYH8"
"CU638689.4","LINC01992"
"KRT16P6","AC025884.1"
"AC097652.1","LINC01876"
"AC126323.1","CHN2-AS1"
"SPRR3","CTSLP8"
"VCX","AC006305.2"
"AL772337.4","IGLV10-54"
"CFAP61-AS1","AC090286.4"
"AL390755.1","PPBP"
"AC005786.2","AP003973.2"
"ZYG11AP1","AL356133.1"
"BARHL2","MAGEA2"
"AC244517.7","NPFFR2"
"HGC6.3","S100A7A"
"OCLNP1","BAGE2"
"AC010148.1","MICOS10P3"
"IVL","LINC01524"
"LHX9","CSF3"
"AL161908.1","BHMT"
"APOA2","MUCL1"
"LINC01748","FETUB"
"SP8","AC005829.2"
"ARHGAP40","EPS15P1"
"DSG3","TMEM246-AS1"
"AC011767.1","FFAR1"
"LINC00431","ROS1"
"LINC01524","AC112493.1"
"AC103563.2","LINC01103"
"LINC01667","GFI1B"
"AF250324.1","AC003035.2"
"PAGE2","AC092296.3"
"AC096751.1","PCDHA9"
"LINC01956","MYH2"
"AC090692.1","AL031429.1"
"LINC00683","IGKV2-30"
"ZFHX4-AS1","AL359273.2"
"PRICKLE2-DT","AC009878.1"
"LINC00958","LINC00431"
"GSTA1","PCDHA12"
"SLC7A11-AS1","GABRG2"
"AC037450.1","ARSH"
"DSG1","LINC01583"
"AC016813.2","ZNF663P"
"MICOS10P3","LINC00923"
"PADI3","CFHR4"
"CLK3P2","FOXG1"
"PCDH11X","OR2C3"
"PTPRQ","KCNA4"
"AC012123.1","TENT5D"
"MAS1","AC023403.1"
"FRG2JP","BMS1P8"
"CEACAM6","BPIFB4"
"CPB1","LINC01611"
"LINC01687","LINC02497"
"LINC00377","IGKV3-7"
"RPRM","AP000229.1"
"CLCA4","AC096751.1"
"LINC00278","AP005230.1"
"MYH1","IGKV3D-15"
"IGKV2OR22-3","FOXN1"
"RNASE7","PF4"
"AL136987.1","OVOL2"
"LINC00645","DUX4L9"
"LINC02085","SCNN1G"
"CEACAMP5","LINC01687"
"AC060764.1","DLK1"
"S100A7","PCDHA8"
"FOLH1B","C10orf99"
"GRID2","LINC00278"
"MYH2","IGLV2-18"
"SYCE1","SPOCK3"
"TDRD5","IL37"
"AC011700.1","LINC01780"
"CIR1P2","PCDH15"
"TRIM51HP","TLX1"
"IRS4","AF106564.1"
"LINC02392","AC078880.5"
"HOMER2P1","AC108472.1"
"AC009063.2","CA10"
"AC006305.2","AC016717.2"
"AC087235.2","AJ239322.1"
"AC008443.3","CLVS2"
"WIF1","APOB"
"AC022832.1","GJB4"
"ESPNP","APOA2"
"ZNF663P","AC008443.3"
"CDH18","IGHV1-45"
"SLC1A6","RPRM"
"LINC01780","IGHV2-70D"
"DEFB124","ZBBX"
"SOX1","CIR1P2"
"AC244517.6","IGHV3-64"
"GRHL2","AC135782.1"
"AL355472.3","SORCS3"
"SCGB1D2","C8orf49"
"RNU6-403P","CDKN2A-DT"
"AC011504.1","AC092903.1"
"MPPED2-AS1","AL163540.1"
"AC237221.1","DCAF13P2"
"LINC01361","IGKV1D-16"
"ANKRD20A17P","MAGEB2"
"SMPX","LIN28B"
"XIRP2","BMP5"
"FGF5","AC126323.1"
"GGT6","LINC02616"
"ARSLP1","U52112.1"
"CST5","AC114803.1"
"ADIPOQ","AC106706.1"
"AC010478.1","AP005262.2"
"TUBA3C","HS6ST3"
"AC069277.1","CDH10"
"DCAF12L2","RNU6-403P"
"AF121898.1","LINC02315"
"PCDHA12","IGKV3OR2-268"
"LINC02335","OR9G1"
"NPY5R","LINC00393"
"GRIA1","NKX2-3"
"KRT78","AL356740.3"
"CEACAMP10","AC022034.4"
"LINC02211","IGHV3-20"
"MYT1L","FADS6"
"AP003973.2","LINC01486"
"AC078880.5","AL589743.5"
"PWWP3B","NEUROG2-AS1"
"CDKN2A-DT","FOLH1B"
"LINC01103","PLA2G3"
"AC025154.2","IGHV6-1"
"AP005230.1","TMPRSS15"
"ARMC4","FRRS1L"
"AP001605.1","AL137803.1"
"AC019257.1","OOEP"
"ZIM2-AS1","ESPNP"
"DRD1","UPK1B"
"MAGEB6","AL359313.1"
"SPOCK3","AC002429.2"
"AC116049.2","OR7E104P"
"AC090023.2","AC106785.2"
"FAM183A","LINC02657"
"AC003035.2","IGFL1P1"
"MAGEA8","LCE5A"
"AL592528.1","PCK1"
"AL158055.1","AC027088.2"
"AC078880.4","IL1RAPL2"
"RNF222","LGALS7"
"DUX4L9","DEFB124"
"LINC00543","FGL1"
"IL36RN","LINC02715"
"PAGE2B","FEZF1"
"AC233976.1","AC091305.1"
"TMEM229A","APELA"
"AL356133.1","RN7SKP276"
"PTCHD3","CHRNA4"
"U52112.1","AC005586.2"
"AC124017.1","AL023754.1"
"MTND5P1","ACSL6-AS1"
"AL391807.1","AC237221.1"
"AC092296.3","TLX3"
"AP005229.1","MRPS10P1"
"LUZP2","BRINP2"
"ANKRD18A","HSPB2-C11orf52"
"FGL1","AP005119.2"
"RN7SKP276","LINC02584"
"PRSS56","AC103808.2"
"IL36B","BX284668.2"
"ZEB2P1","AL133372.3"
"NSFP1","CRCT1"
"AC026495.1","IGLV4-60"
"DSCR4","AC009063.2"
"AC117386.2","RNF223"
"LY6D","MSMB"
"ERVK-28","AC068413.1"
"AC135731.1","IGHV3-7"
"AC068413.1","PNMA6B"
"AC112493.1","CEACAMP5"
"HTR2C","ZDHHC22"
"NYX","LINC02864"
"SERPINA12","AP005205.3"
"AP000439.2","OSTN"
"NFYAP1","LCE3D"
"AC244453.3","GPR12"
"AC005537.2","DSCR4"
"PROKR2","AP006565.1"
"AL133304.2","C5orf17"
"LINC02864","AC133785.1"
"DCAF13P2","AC096996.2"
"AC006504.2","AC023824.3"
"DLK1","AL078612.3"
"AP005242.1","NSFP1"
"AC011239.1","IGHV1-3"
"SULT1C2P1","C1orf137"
"PLA2G4F","HTR3B"
"RNA5SP18","MMP27"
"CSF3","AL136987.1"
"MS4A15","AL355103.1"
"PAGE1","SNX18P24"
"AP005205.3","OR51B5"
"TCF21","HTR2C"
"CRHR1","WFDC5"
"AC106771.1","SOHLH1"
"BHMT","AC006504.2"
"AP005119.2","AP005242.1"
"GFI1B","AL158055.1"
"AC090286.4","ZFP42"
"AC077690.1","CALML3-AS1"
"RPL7AP28","AC010424.2"
"AC135782.1","DAW1"
"KRT6C","CFAP61-AS1"
"KCNA1","MEI4"
"AC006157.1","CDH18"
"TMPRSS15","P3H2-AS1"
"SERPINB5","GYG2P1"
"AC106706.1","AF250324.1"
"QRFPR","CYP4F26P"
"TFDP3","AL161431.1"
"TRHDE-AS1","CNTN5"
"IGFBP1","ZEB2P1"
"OSTN","SPATA31A1"
"DSC1","SLITRK1"
"AL355103.1","IL20"
"AL137803.1","PIWIL1"
"ZNF728","EEF1DP5"
"HBE1","AC100868.1"
"CIDEA","LINC02511"
"AL359313.1","NLRP4"
"AC104137.1","ATP4B"
"AL596218.1","AC026316.2"
"AC005281.1","SCAT8"
"RBM46","KIR2DS4"
"CTSLP8","AL355607.2"
"PCDHA9","AC106771.1"
"KCNH5","DUOXA2"
"HMGCLL1","CHP2"
"MYOD1","AL138962.1"
"AL121892.1","GUSBP3"
"AC016885.3","TRBV15"
"LINC02041","LINGO1-AS1"
"AP003385.3","SSX5"
"AC027088.2","CFHR1"
"GABRG2","FAM83A-AS1"
"AP000229.1","CCDC33"
"LINC02438","AC069277.1"
"AL121949.1","IGFL3"
"LINC01606","AP001605.1"
"HTR3B","NPBWR1"
"TNMD","IGKV1D-13"
"HSPB2-C11orf52","TBX22"
"C8orf49","MAGEA8"
"MC5R","AC007785.1"
"FOXE1","TCF21"
"TMEFF2","AC124017.1"
"MS4A8","LINC02568"
"AC023824.3","FEV"
"ASNSP1","ZNF728"
"EPHA6","AP005242.4"
"GABRB1","AL118508.1"
"SCN1A","FCAMR"
"TMEM132D","RPSAP71"
"CASC20","LINC02082"
"KCNQ5-IT1","NFYAP1"
"GUSBP3","PTENP1-AS"
"OR7E104P","AC233976.1"
"LYPD9P","CXCR5"
"PRSS2","LINC02268"
"AC103564.2","ANKRD18A"
"KERA","LINC01394"
"AL023754.1","PLA2G2F"
"AL589743.5","LINC00491"
"MIR137HG","MAGEA2B"
"LBX1","DSG2-AS1"
"LINC00552","PSG5"
"SLC25A24P2","LINC01954"
"SOHLH1","AP003385.3"
"LINC02241","AC083967.1"
"MAGEA2","CEACAMP10"
"AC021504.1","SPINK6"
"CLVS2","SLC25A24P2"
"LINC02327","LINC01159"
"PIWIL1","IGKV6-21"
"FEZF1","MIR4500HG"
"AL163540.1","IGFL1"
"AC107926.1","ZYG11AP1"
"RNF17","LRFN2"
"ANXA8L1","KERA"
"TMEM246-AS1","PINCR"
"APOB","HOMER2P1"
"AC100868.1","ERVK-28"
"AC107308.1","GBA3"
"P3H2-AS1","SPRR2F"
"AC093895.2","PSMA8"
"AC114803.1","AP004782.1"
"AC100801.1","AADAC"
"MAGEB1","AC012506.2"
"CDH10","SYCE1"
"LINC01318","MAGEB6"
"SLC9A4","GSTA3"
"KRT73-AS1","AC024230.1"
"AC087762.2","LHX1-DT"
"AC023403.1","LINC02528"
"AL592494.1","AC090826.1"
"AP006333.3","WDR87"
"AC016582.1","SULT1E1"
"ZP4","IGHE"
"RERGL","PGLYRP4"
"TENT5D","KCNH5"
"G6PC2","LINC02428"
"AC026790.2","AHSG"
"OR51B5","AC244453.3"
"AL078612.3","AP005229.1"
"NEUROG2-AS1","LINC01606"
"AC022730.4","HSD3B2"
"SSX5","GPRIN2"
"AC023824.1","LCE1B"
"AL138962.1","CDSN"
"CFAP47","TREHP1"
"MYHAS","AC006157.1"
"PCAT14","TECTB"
"LINC00628","LINC02735"
"DPP10","OC90"
"LINC02302","KCNA1"
"TRDN","SLURP1"
"LINC02097","AL033381.1"
"IGHV7-40","HAUS6P3"
"AC090015.1","AL031593.1"
"CEACAM5","AP003400.1"
"LINC01655","ELF5"
"GYG2P1","LINC01776"
"ANOS2P","ARMC4"
"LINC02497","TMPRSS11A"
"PRTN3","MAS1"
"LUZP4","ZP4"
"PRL","ZIM2-AS1"
"CES5A","SERTM2"
"AC133785.1","LINC02335"
"EPS15P1","SLC9A4"
"SLITRK1","HTR3A"
"UNC93B2","KRT9"
"AF106564.1","MIR1-1HG-AS1"
"PAX1","TMEM132C"
"CBLC","AC022858.1"
"AC244107.1","IGKV1-12"
"ODAM","DRD1"
"LINC02249","CNBD1"
"DCAF8L2","IGKV2D-40"
"AC103996.2","NUTM2E"
"SNX18P7","IGLV1-41"
"SHISA9","LCE1C"
"AL110292.1","ZIC5"
"AL033384.1","AL121949.1"
"LINC01486","KLK12"
"VCX3A","AC026790.2"
"CNTNAP5","AC087762.2"
"AC106785.2","DPP10-AS1"
"GAL3ST3","RNF17"
"LINC01777","CYP2C18"
"AGR2","VCX3A"
"ITPRID1","OR1F1"
"LINC02506","IGHV1OR15-2"
"OC90","AC117386.2"
"LINC02109","NAA11"
"AC026316.2","PTCHD3"
"USH1G","LINC01655"
"KRT3","LINC00552"
"AC002429.2","LIPN"
"OLFM3","IGHJ2"
"GRM3-AS1","AF121898.1"
"FAR2P1","AC012123.1"
"AL355312.4","LOR"
"AC093791.1","ADH7"
"G2E3-AS1","KCNQ5-IT1"
"TUNAR","FAR2P1"
"PF4","LINC00628"
"LINC02232","DCAF8L2"
"LINC02428","AC132825.3"
"MYH4","LINC02085"
"CCDC33","TFDP3"
"AP000221.1","AL357936.1"
"MAGEC3","MYH4"
"AC096996.2","LUZP4"
"HCG4P8","TNMD"
"BPIFB2","PYDC1"
"LINC01583","SULT1C2P1"
"LHX8","SPRR2B"
"ZFY-AS1","NXPH1"
"LINC01994","AC017067.1"
"TPTE","AL034376.2"
"AC016710.2","AC008554.1"
"TTTY10","CCDC179"
"LBX1-AS1","EZHIP"
"LHX1-DT","CNPY1"
"AL137220.1","IFNG-AS1"
"AC040174.1","AL591926.7"
"IRX4","AC244517.2"
"LINC00919","AL355472.3"
"TBX22","SPINK7"
"NKX2-3","AC016885.3"
"LINC01954","AL592494.1"
"UPK1B","MYHAS"
"HAUS6P3","ABCC12"
"LINC02434","LINC02377"
"MAPK8IP1P2","AL121892.1"
"LINC02476","LINC02110"
"LINC01611","AL137220.1"
"SPATA31A1","AC103563.2"
"LY6G6C","LHX8"
"LINC01419","PSAPL1"
"ARSH","KRTAP13-2"
"TAAR3P","RERGL"
"IL1RAPL2","AL390860.1"
"AC021218.1","FAM163B"
"LINC00393","LINC01777"
"TMPRSS11D","MYOD1"
"LINC01822","TSBP1"
"AP004782.1","SFTPA2"
"RALYL","IFNWP19"
"AJ239322.1","DCAF12L2"
"BPIFC","RP1"
"ATP4B","LINC01318"
"AL031674.1","ADIPOQ"
"AC004704.1","LINC02211"
"PNMA6B","WFDC12"
"CHRNA4","PGLYRP3"
"MRPS10P1","AC016582.1"
"PAEPP1","ADAMTS19"
"AC002351.1","AC011297.1"
"CRYBA2","HSPB3"
"TECTB","AL110292.1"
"AC009977.1","KCNG4"
"AC138305.1","GRM3-AS1"
"PLA2G4E","RAET1L"
"C17orf77","RPL7AP28"
"NUTM2E","CES5A"
"FAM83B","BCORP1"
"LINC02511","CT55"
"HSD3B2","USH1C"
"ZBBX","AC097494.1"
"AC017067.1","LINC02434"
"PSG5","PRTN3"
"ZMAT4","CYYR1-AS1"
"OR9G1","NCAM1-AS1"
"LINGO1-AS1","RPTN"
"AC015574.1","AC105383.1"
"TLX3","CST5"
"SPRR1B","UNC93B2"
"ARMCX7P","TRAV24"
"SPATA31C2","AF131216.3"
"BMP3","LINC00402"
"AP000593.2","AC129492.6"
"EEF1DP5","AC145350.2"
"ACSL6-AS1","OPRK1"
"LINC01159","LINC00972"
"NPBWR1","IGKV5-2"
"FGF23","AP000439.2"
"AC103808.2","PNLIPRP2"
"AL390334.1","AC126407.1"
"AC010595.1","ANOS2P"
"AL121757.1","FGG"
"KLK11","AL121821.2"
"IGFL1P1","KRT31"
"SPRR2A","LINC02330"
"CD164L2","PCDH11X"
"VENTXP5","FAM9C"
"LINC00491","ELSPBP1"
"LINC00940","SALL3"
"CA10","PSLNR"
"PYDC1","LINC02562"
"AC010424.2","GAD2"
"RPSAP34","LINC00463"
"AL355607.2","LINC01098"
"B3GALNT2P1","IGHV3-35"
"KCNG4","RPL39P40"
"MIR548XHG","KRTAP2-3"
"ZIC5","MIR4300HG"
"PCDHA8","AC012213.1"
"MIR1-1HG-AS1","SNAP91"
"LINC02330","AP000221.1"
"VSTM2B","MUSK"
"SERPINB3","SMIM31"
"MIR4500HG","ARMCX7P"
"C1orf137","LYPD2"
"AC068756.1","PTPRQ"
"PASD1","AL589182.1"
"AC090826.1","AP000696.1"
"AP005242.4","CASC20"
"AC092903.1","AC107926.1"
"MRPL45P1","PRR9"
"ADGRF4","LINC00499"
"BX276092.7","DCAF4L2"
"SCAT8","AC002351.1"
"DSG2-AS1","BPIFB2"
"ATP13A5","LINC02438"
"OR1F1","IGKV1-39"
"CNTN5","LINC02714"
"MTHFD2P1","LINC00377"
"LINC02588","MYT1L"
"DIRC3-AS1","RPSAP34"
"FRGCA","PIK3C2G"
"FRRS1L","IL22RA2"
"BRINP2","IGHV5-78"
"GAGE2A","LINC02282"
"IL20","GATA5"
"AC010601.1","AL033381.2"
"MAB21L4","PAGE2"
"AC008554.1","CRISP3"
"PHF2P2","LINC01549"
"AC097512.1","AC007848.1"
"AC009878.1","HS3ST6"
"LGALS7B","KRT89P"
"AC244517.2","RTL1"
"ROS1","LINC02241"
"H3P4","AC068057.2"
"AL133372.3","LYPD9P"
"MNX1-AS2","RPL36AP40"
"PSG9","AC021218.1"
"MAGEA2B","AL158013.1"
"LINC02560","AC026495.1"
"LOR","KCNJ18"
"AC132825.3","PAX7"
"CNBD1","FAM8A6P"
"ZDHHC22","SPHKAP"
"LINC02228","LINC01518"
"AL033381.1","LINC01276"
"AC087855.2","TUBA3C"
"AC126407.1","AC006262.2"
"PLA2G4D","DIRC3-AS1"
"TLX1","HMGCS2"
"LINC02657","XAGE2"
"ASCL4","MAPK8IP1P2"
"KCNA4","IGHV1OR15-9"
"LINC01776","KRT34"
"LINC01276","PSG9"
"KRTAP13-2","AC023481.1"
"SCNN1G","KRT77"
"LINC00308","IGLV3-12"
"AC091305.1","AC068580.2"
"LINC02110","UGT2B26P"
"NHLH2","SCGN"
"SFTPA2","C17orf77"
"AC012213.1","PAGE1"
"AC022858.1","HTN3"
"HS6ST3","AC006504.4"
"AC108865.1","FRGCA"
"AC012506.2","LINC00992"
"AC024595.1","AC245884.12"
"PTENP1-AS","VSTM2B"
"LINC01098","CSRP3"
"TREHP1","AP000593.2"
"NXPH1","FBP2P1"
"AL049555.1","LINC01257"
"AP005229.2","IGHV1-67"
"LINC01602","DCAF12L1"
"PINCR","B3GALNT2P1"
"RPL36AP40","FP325317.1"
"CALML3","LINC00308"
"AC092484.1","TTTY10"
"KRT89P","AC090015.1"
"RTL1","LINC00934"
"FAM8A6P","LINC00844"
"ATP11AUN","AC104009.1"
"AC108472.1","AC011473.4"
"UGT2B26P","SERPINA9"
"CRNN","PHF2P2"
"LINC02377","OR5J2"
"SOX21","BMP3"
"SPRR1A","AC060764.1"
"RPSAP71","AC245041.2"
"AC018467.1","LCE1A"
"LINC00112","TPTE"
"LINC02082","ZFY-AS1"
"AC092691.1","DBET"
"AC009264.1","AC096734.1"
"GAGE1","AL049775.2"
"AHSG","CHST4"
"KCNC2","H3P4"
"AC005550.2","MTHFD2P1"
"SDR9C7","KCNC2"
"AC097515.1","AADACL2"
"AC109635.3","AC108865.1"
"C3orf85","AC023824.1"
"AP000696.1","LCE3E"
"AC104009.1","LINC01419"
"AC111000.2","AC111000.2"
"AC011297.1","GAL3ST3"
"AL591926.7","AL121757.1"
"NCAM1-AS1","PAGE2B"
"OR8G5","AL031674.1"
"AADAC","LCE1F"
"HTN3","BRINP3"
"DAW1","AL611929.1"
"AL359915.1","LINC02621"
"CALML5","AC009977.1"
"KCTD4","AC009804.1"
"VCX3B","LINC02109"
"SPRR2E","G2E3-AS1"
"MUCL1","AC022730.4"
"PPBP","LINC01602"
"AL445647.1","IGHV1-12"
"USH1C","ANKRD20A7P"
"AP001628.2","AL772337.3"
"SIX6","AC018467.1"
"ELSPBP1","NPAP1P7"
"SLC6A14","LINC02588"
"FGFBP1","STK19B"
"AC007785.1","IFNE"
"AC007848.1","TBX20"
"PGLYRP4","AC015574.1"
"TEX55","ODAM"
"AL357936.1","FAM25A"
"AL356740.3","ZNF716"
"CST4","AC104041.1"
"PPP4R3C","LINC01945"
"LINC02568","ATP11AUN"
"IFNE","AC011478.1"
"AC023481.1","AC016710.2"
"ABCC12","AC073578.1"
"FBP2P1","AC103996.2"
"ERVV-2","TRAV1-1"
"STATH","SERPINB12"
"SAGE1","KLK3"
"AC104041.1","AL390334.1"
"NPAP1P7","LINC02260"
"AL031593.1","AC142381.1"
"SERPINB13","KRT72"
"AC145350.2","ZMAT4"
"AC008825.2","PCAT14"
"FGG","AL359915.1"
"KLK3","SPATA31C2"
"AC090023.1","LINC02506"
"AL589987.1","LINC01399"
"MIR4300HG","MAGEC3"
"GPR12","AC244205.1"
"KLK7","IGKV1D-17"
"IL37","LINC02254"
"PSLNR","TEX55"
"AC006504.4","F11-AS1"
"CCDC179","VCX3B"
"AC108749.1","AC135068.2"
"AC138761.1","PASD1"
"AC120036.1","LINC02121"
"LINC01594","AL121578.2"
"AL390860.1","MUC21"
"AL049775.2","TRAV35"
"LINC01901","IGHV3-71"
"LRFN2","FGF23"
"LINC00992","AC097652.1"
"AC026320.1","AC093791.1"
"AL118508.1","AC007128.1"
"AC009804.1","LINC01822"
"LINC01549","AC022535.1"
"MKRN7P","UNC93A"
"LINC01665","RIPPLY2"
"OVOL2","TBL1Y"
"CNPY1","AC010928.1"
"CALML3-AS1","IGLL1"
"ANXA8","TRBV10-2"
"CYYR1-AS1","AP000829.1"
"KRTAP2-3","ELF2P3"
"AL606752.1","IGHV3OR16-8"
"C3orf79","FBXL21P"
"LINC02621","C3orf79"
"LINC01399","AL162414.1"
"AC023824.6","AL391152.1"
"IL36G","AC244107.1"
"AC091987.1","FABP1"
"LINC00463","LINC01594"
"SIM1","PAEPP1"
"AF131216.3","AC007333.2"
"FEV","IGKV2OR22-4"
"DBET","AC097515.1"
"SNX18P24","LINC01665"
"AP005121.1","LINC02327"
"AC007128.1","STATH"
"AL772337.3","IGHV3-63"
"AC073578.1","HMGCLL1"
"CSTP1","AC090023.1"
"GPR87","REG4"
"KLK5","MAGEA10-MAGEA5"
"CASP14","AC009264.1"
"GATA5","AC005550.2"
"AL356585.4","IGHV3OR16-13"
"LIPN","IGHV3OR16-9"
"LINC01257","OTOL1"
"AL121821.2","ALX3"
"AC093515.1","MKRN7P"
"MAGEB16","NEUROG3"
"LINC01807","AL606752.1"
"STK19B","GAGE2A"
"LINC01580","SPIC"
"CYP4F26P","DEFB4A"
"PIP","LINC02228"
"AL158819.1","BX276092.7"
"AL135878.1","ERVV-2"
"CSRP3","AC092484.1"
"ALX3","AC009271.1"
"AC074389.2","LINC01580"
"EPGN","LINC02325"
"GJB4","AC090109.1"
"AL606970.1","AC068756.1"
"ZFP42","TRAV38-1"
"ZNF716","AP001628.2"
"AC128685.1","AC104692.1"
"AC097494.1","AL606970.1"
"LINC00934","CST4"
"AF254983.1","SPACA1"
"PICSAR","LCE1D"
"LINC02268","VENTXP5"
"FOXN1","AC112178.1"
"APELA","LINC02476"
"TMPRSS11A","PIP"
"IFNWP19","MRPL45P1"
"AC016687.3","TRBV5-5"
"AC104692.1","AC104971.3"
"AC068580.2","AP005121.1"
"SERPINB4","MIR8071-2"
"AL391152.1","AC103563.3"
"SCGN","HCG4P8"
"FP325317.1","MAGEB1"
"RPL39P40","CSTP1"
"RP1","IGKV1D-43"
"OR5J2","XAGE3"
"ELF2P3","IGHJ3P"
"RBBP8NL","LINC01581"
"GOLGA2P11","SIRPG-AS1"
"TBX20","AL049648.1"
"XAGE3","C1orf68"
"MIR205HG","LINC01781"
"OPRK1","LINC01901"
"AL158013.1","TRBV23-1"
"LINC02584","AC087855.2"
"FETUB","AC138761.1"
"LINC00972","AC103808.3"
"MAGEA4-AS1","ASCL4"
"MSMB","KRT73-AS1"
"DCAF4L2","NPY5R"
"RARRES2P10","FOXR2"
"LINC01581","IGLV3-16"
"GPRIN2","LINC01807"
"GSTA3","IGHV3OR15-7"
"AC018558.2","AL589987.1"
"AL589182.1","COPDA1"
"AL139042.1","SLCO6A1"
"AC026320.2","APOH"
"CU104787.1","AC104072.1"
"AP000829.1","GAGE1"
"MUC21","AC128685.1"
"ANKRD20A7P","AC097512.1"
"AC025822.1","AC108749.1"
"XAGE2","IGHV3-52"
"ADAMTS19","AC010595.1"
"PNLIPRP2","SAGE1"
"BRINP3","AC016687.3"
"F11-AS1","AC106772.2"
"RIPPLY2","AC004704.1"
"LINC01967","OR8G5"
"AL033381.2","AL139023.1"
"SPHKAP","IGHV1OR21-1"
"AC106754.1","AP005229.2"
"AL359893.1","TUNAR"
"FOXR2","AC025884.2"
"ELF5","AC136428.1"
"HMGCS2","AL445647.1"
"CHP2","LINC01967"
"RNF223","IGHV3-19"
"KLK8","IGKV1D-39"
"AKR1B15","PRSS2"
"LCE5A","AC134879.2"
"AL611929.1","AC024595.1"
"AC107886.1","LINC01501"
"LINC02562","FGF7P2"
"DUOXA2","LINC00112"
"SMIM31","IGLV2-34"
"LINC00844","IGLV5-37"
"MAGEA10-MAGEA5","MIR548XHG"
"LINC02735","LINC02492"
"TBL1Y","GTF2IP6"
"FAM83C","AC023824.6"
"SALL3","IGKV6D-21"
"LINC02282","AC109635.3"
"SPRR2F","AC120036.1"
"AC090109.1","AL121835.2"
"AL139327.1","C3orf85"
"DCAF12L1","PRAMENP"
"LINC01394","IGKV2-29"
"AC103996.3","AF254983.1"
"PLA2G2F","IGKV1-33"
"AC103808.3","IGKJ5"
"FGF7P2","AC103996.3"
"AC007333.2","LINC01249"
"SPRR2G","MAGEA4-AS1"
"LINC02492","GOLGA2P11"
"AC112178.1","HBD"
"LINC02121","AC107886.1"
"GAD2","MAGEA9B"
"PLA2G3","PPP4R3C"
"CRISP3","TRBV21-1"
"AC105383.1","AC116666.1"
"AGGF1P6","PROKR2"
"AC011478.1","AC069061.2"
"FADS6","IGHV7-81"
"AC068057.2","AC008825.2"
"AL049648.1","IGKV1D-12"
"SULT1E1","AC022031.2"
"LINC00348","IGKV2D-24"
"NKX2-6","IGLJ2"
"FAM83A-AS1","IGLV2-28"
"LINC01945","AC018558.2"
"AC009271.1","IGKV1D-42"
"FAR2P4","AC091987.1"
"AL034376.2","IGKV1OR2-6"
"FABP1","IGKV1D-27"
"SPACA1","AC026320.1"
"GTF2IP6","AC010601.1"
"LINC02254","AC093515.1"
"PRR9","AC074389.2"
"PAX7","MIR8071-1"
"AC103808.6","LINC00348"
"AC025884.2","AL356585.4"
"AL139023.1","AL359893.1"
"SLCO6A1","RARRES2P10"
"CYP2C18","CU104787.1"
"DPP10-AS1","TP53TG3GP"
"XAGE5","TAAR3P"
"AL161431.1","AL139042.1"
"AL121578.2","AC025822.1"
"AC010928.1","IGHV7-40"
"AC116666.1","NKX2-6"
"TP53TG3GP","AC103808.6"
"OTOL1","AC026320.2"
"ADH7","AGGF1P6"
"LINC02260","TRBV12-5"
"SPINK7","IGKV1OR22-1"
"LINC01249","IGKV2-28"
"AC069061.2","AC008878.3"
"SPINK6","AL139020.1"
"AC022535.1","IGHV3-60"
"APOH","IGLVI-70"
"C10orf99","AL135878.1"
"AC022031.2","TRBV11-1"
"KRT75","IGLV5-48"
"C2orf69P1","IGLV2-5"
"KLK12","FAR2P4"
"KCNJ18","UGT2B17"
"KRT34","IGHV3-62"
"MAGEA9B","C2orf69P1"
"AC104072.1","MAGEB16"
"HSPB3","AC106754.1"
"KPRP","AC103563.1"
"MMP27","IGLV2-33"
"CWH43","XAGE5"
"CDSN","TRBV7-7"
"CT45A10","IGHV1-17"
"S100A7A","AC034105.1"
"WFDC5","FCRL4"
"HS3ST6","AL158819.1"
"RPTN","AC106882.1"
"KRT9","IGKV1OR22-5"
"LCE1C","IGHV7-56"
"SPRR2B","IGKV1-13"
"AC106772.2","IGHV3OR16-6"
"AADACL2","CT45A10"
"AC006262.2","IGHV3OR16-12"
"LCE1B","MIR4538"
"LYPD2","IGHV1-14"
"IGFL3","IGHV7-27"
"FBXL21P","IGHJ1"
"SLURP1","IGHV3-22"
"LCE3D","IGHV3-25"
"WFDC12","IGHV3OR16-10"
"LGALS7","AL139327.1"
"PIK3C2G","IGKV2OR22-3"
"KRT31","IGLV4-3"
"CRCT1","IGHV3OR16-15"
"RAET1L","MIR5195"
"LCE1A","IGKV7-3"
"KRT77","AC246787.2"
"AC245041.2","IGKV2D-30"
"LCE1D","IGKV2D-28"
"SERPINB12","IGKV2-26"
"IGFL1","IGHV3-76"
"PGLYRP3","IGKV1D-33"
"FAM25A","MIR4539"
"PSAPL1","IGKV3D-7"
"AC129492.6","IGHV1OR16-1"
"LCE1F","IGLJ1"
"AC011473.4","IGHD3-3"
"C1orf68","IGKV1OR2-3"
"UNC93A","MIR4537"
"LCE3E","IGHD3-9"
"DEFB4A","IGLV3-22"
